URL,Total Score
https://www.lojaorganiconatural.com.br,alimentacao,1.9
https://www.munalimentos.com.br,alimentacao,2.42
https://www.armazemdosimportados.com.br,alimentacao,2.83
https://interrainternational.com,alimentacao,3.04
https://jjcondimentos.com.br,alimentacao,3.15
https://www.tempercondimentos.com.br,alimentacao,3.34
https://iamani.com.br,alimentacao,3.57
https://www.nevasca.com.br,alimentacao,3.71
https://cozil.com.br,alimentação,1.29
https://www.infobae.com,alimentação,1.29
https://www.goiasatacado.com.br,alimentação,1.3
https://goiasatacado.com.br,alimentação,1.3
https://www.scuadra.com.br,alimentação,1.36
https://curtai.com.br,alimentação,1.39
https://www.shoppingdoconfeiteiro.com.br,alimentação,1.4
https://pt.westrock.com,alimentação,1.45
https://pronutrition.com.br,alimentação,1.46
https://www.mariachocolate.com.br,alimentação,1.54
https://shopee.com.br,alimentação,1.54
https://periodicos.utfpr.edu.br,alimentação,1.55
https://www.bomsemgluten.com.br,alimentação,1.57
https://pointchips.com.br,alimentação,1.57
https://www.oceanbreezewaterpark.com,alimentação,1.59
https://www.arenaatacado.com.br,alimentação,1.6
https://www.baressp.com.br,alimentação,1.61
https://ifce.edu.br,alimentação,1.62
https://www.aminna.com.br,alimentação,1.63
https://www.tirol.com.br,alimentação,1.63
https://www.leroymerlin.com.br,alimentação,1.64
https://www.bretasatacarejo.com.br,alimentação,1.64
https://www.ampacet.com,alimentação,1.64
https://www.3m.com.br,alimentação,1.64
https://senarpiaui.org.br,alimentação,1.66
https://foodforum.com.br,alimentação,1.67
https://editoraelefante.com.br,alimentação,1.68
https://exame.com,alimentação,1.68
https://www.reidistribuidora.com.br,alimentação,1.68
https://pt-br.ecolab.com,alimentação,1.7
https://www.corretora.com.pt,alimentação,1.7
https://brahex.com.br,alimentação,1.71
https://www.castellmaq.com.br,alimentação,1.73
https://www.miamland.com,alimentação,1.73
https://www.visitcalifornia.com,alimentação,1.74
https://tainaalimentos.com.br,alimentação,1.74
https://www.europaimportadora.com.br,alimentação,1.74
https://foodsafetybrazil.org,alimentação,1.74
https://g1.globo.com,alimentação,1.75
https://www.karamellstore.com.br,alimentação,1.75
https://www.apisnutri.com.br,alimentação,1.76
https://www.lojasantoantonio.com.br,alimentação,1.76
https://summitagro.estadao.com.br,alimentação,1.76
https://www.platformchinaplp.mo,alimentação,1.76
https://www.dgav.pt,alimentação,1.79
https://ibericacomercio.com,alimentação,1.79
https://inscricoes.unicesumar.edu.br,alimentação,1.79
https://qsuplementos.com.br,alimentação,1.81
https://www.otempo.com.br,alimentação,1.81
https://sakura.com.br,alimentação,1.83
https://www.novasafra.com.br,alimentação,1.83
https://dcf.fm,alimentação,1.84
https://www.econodata.com.br,alimentação,1.84
https://www.decorgel.pt,alimentação,1.84
https://sanityconsultoria.com,alimentação,1.84
https://rmouracereais.com.br,alimentação,1.84
https://llpet.com.br,alimentação,1.84
https://www.minipreco.pt,alimentação,1.84
https://abmauri.pt,alimentação,1.84
https://www.lojasebem.com.br,alimentação,1.85
https://jomil.com.br,alimentação,1.85
https://www.agiovatemperos.com.br,alimentação,1.85
https://polaridad.es,alimentação,1.85
https://redeparaibasupermercados.com.br,alimentação,1.86
https://fricer.pt,alimentação,1.86
https://www.compete2020.gov.pt,alimentação,1.87
https://cipria.com.br,alimentação,1.87
https://reporterbrasil.org.br,alimentação,1.88
https://ciers.com.br,alimentação,1.88
https://www.cnm.org.br,alimentação,1.88
https://www.cepea.esalq.usp.br,alimentação,1.89
https://www.ajcfood.com,alimentação,1.9
https://croplifebrasil.org,alimentação,1.9
https://www.comercialsouzaatacado.com.br,alimentação,1.91
https://www.rizzoconfeitaria.com.br,alimentação,1.91
https://www.tridge.com,alimentação,1.92
https://tanakadistribuidora.com.br,alimentação,1.93
https://www.jarrodourado.com,alimentação,1.96
https://blog.instadelivery.com.br,alimentação,1.96
https://www.minasgourmetalimentos.com.br,alimentação,1.96
https://www.iniav.pt,alimentação,1.96
https://www.demaqui.com.br,alimentação,1.98
https://www.kemin.com,alimentação,1.98
https://www.afdb.org,alimentação,1.98
https://www.proanda.pt,alimentação,1.99
https://fafrinog.pt,alimentação,2.0
https://frootiva.com.br,alimentação,2.0
https://ramirez.pt,alimentação,2.01
https://guia.unl.pt,alimentação,2.01
https://www.jusbrasil.com.br,alimentação,2.02
https://www.greif.com,alimentação,2.02
https://www.reidascastanhas.ind.br,alimentação,2.03
https://www.manasemgluten.com.br,alimentação,2.03
https://veganlife.com.co,alimentação,2.04
https://portuguese.globalsources.com,alimentação,2.05
https://loja.skymsen.com,alimentação,2.06
https://cosmereg.com,alimentação,2.06
https://www.frutafina.com.br,alimentação,2.07
https://www.portaldofranchising.com.br,alimentação,2.09
https://www.alvoradaorganicos.com.br,alimentação,2.09
https://megag.com.br,alimentação,2.1
https://mercadoro.co,alimentação,2.1
https://www.reinoalimentos.com.br,alimentação,2.1
https://www.deltasuper.com.br,alimentação,2.11
https://www.reclameaqui.com.br,alimentação,2.11
https://equipan.pt,alimentação,2.11
https://alimentosmafe.com.br,alimentação,2.11
https://www.pomerodealimentos.com.br,alimentação,2.11
https://www.cpt.com.br,alimentação,2.12
https://rfxcel.com,alimentação,2.12
https://foodmagazine.com.br,alimentação,2.12
https://www.lojaconfeitop.com.br,alimentação,2.12
https://metachem.com.br,alimentação,2.14
https://hile.com.br,alimentação,2.15
https://www.paulistaoatacadista.com.br,alimentação,2.17
https://www.ilhadascozinhas.com.br,alimentação,2.18
https://petdogalimentos.com.br,alimentação,2.19
https://superrevista.com.br,alimentação,2.19
https://www.frigo.com.br,alimentação,2.2
https://www.makro.pt,alimentação,2.21
https://paequipamentos.com.br,alimentação,2.21
https://www.mercadoce.com,alimentação,2.21
https://snackel.com.br,alimentação,2.23
https://panificacao.dispandovale.com.br,alimentação,2.24
https://casadacoxinhavegana.com.br,alimentação,2.25
https://www.ifco.com,alimentação,2.25
https://www.lojabrazil.com.br,alimentação,2.26
https://www.getyourguide.com,alimentação,2.26
https://www.reidascastanhas.com.br,alimentação,2.26
https://www.totvs.com,alimentação,2.27
https://www.deskontao.com.br,alimentação,2.27
https://snackshow.com.br,alimentação,2.27
https://www.nrdistribuidora.com.br,alimentação,2.28
https://www.abregel.org.br,alimentação,2.3
https://ciorganicos.com.br,alimentação,2.3
https://atendimento.sebraemg.com.br,alimentação,2.31
https://loja.sost.com.br,alimentação,2.32
https://cursosemipresencial.com.br,alimentação,2.32
https://www.bennialimentos.com.br,alimentação,2.32
https://www.pinterest.pt,alimentação,2.34
https://www.specpage.com,alimentação,2.37
https://www.ricex.com.br,alimentação,2.37
https://www.casadoconfeiteiro.com.br,alimentação,2.38
https://www.bffc.com.br,alimentação,2.4
https://cosmos.bluesoft.com.br,alimentação,2.42
https://www.copaenergia.com.br,alimentação,2.44
https://www.plastekgroup.com,alimentação,2.44
https://www.shoppingdistribuidora.com.br,alimentação,2.45
https://leaomercosul.com.br,alimentação,2.45
https://www.racius.com,alimentação,2.45
https://www.sgs.com,alimentação,2.47
https://www.fabricadesuplementos.com.br,alimentação,2.47
https://www.espartanos.com.br,alimentação,2.48
https://www.emporioceliaco.com.br,alimentação,2.48
https://www.balcaoecia.com.br,alimentação,2.5
https://periodicos.ufrn.br,alimentação,2.51
https://www.pharmanord.pt,alimentação,2.52
https://www.fct.unl.pt,alimentação,2.52
https://www.contabilizei.com.br,alimentação,2.56
https://www.nutrimixassessoria.com.br,alimentação,2.58
https://global.tramontina.com,alimentação,2.58
https://cleberbrandao.com.br,alimentação,2.6
https://www.prettidistribuidora.com.br,alimentação,2.61
https://geofusion.com.br,alimentação,2.61
https://galliatacadista.com.br,alimentação,2.61
https://www.atacadaodosdoces.com.br,alimentação,2.61
https://apas.com.br,alimentação,2.63
https://www.scielo.br,alimentação,2.63
https://www.puntoqpack.com,alimentação,2.65
https://www.sig.biz,alimentação,2.65
https://brasil.mongabay.com,alimentação,2.66
https://www.gvinah.com.br,alimentação,2.67
https://www.grupohipermais.com.br,alimentação,2.67
https://www.waze.com,alimentação,2.69
https://pesquisa.bvsalud.org,alimentação,2.72
https://brazoalimentos.com.br,alimentação,2.73
https://www.mandalacomidas.com.br,alimentação,2.73
https://www.yaay.com.br,alimentação,2.73
https://secrj.org.br,alimentação,2.74
https://www.jatobaorganicos.com.br,alimentação,2.74
https://www.nutriens.com.br,alimentação,2.75
https://www.premiumceara.com.br,alimentação,2.75
https://www.jj.ind.br,alimentação,2.75
https://www.atacadodiniz.com.br,alimentação,2.75
https://www.iranimaggiore.com.br,alimentação,2.76
https://inventa.shop,alimentação,2.76
https://www.distribuidordealimentos.com,alimentação,2.76
https://uac.pt,alimentação,2.77
https://refrigeracaoequipamento.com,alimentação,2.79
https://jtcd.com.br,alimentação,2.8
https://grannutri.com,alimentação,2.82
https://www.martinsatacado.com.br,alimentação,2.83
https://www.carolitas.com.br,alimentação,2.83
https://sebrae.com.br,alimentação,2.84
https://laticiniosbomdestino.com.br,alimentação,2.84
https://blog.neoprospecta.com,alimentação,2.84
https://grandoro.com.br,alimentação,2.85
https://www.conjur.com.br,alimentação,2.85
https://vandemoortele.com,alimentação,2.86
https://www.amendupa.com.br,alimentação,2.87
https://www.cnabrasil.org.br,alimentação,2.89
https://sampaequipamentos.com.br,alimentação,2.91
https://ponzan.com.br,alimentação,2.93
https://incrivel-paravoce.com,alimentação,2.93
https://www.narcel.com.br,alimentação,2.93
https://outraspalavras.net,alimentação,2.93
https://www.fercold.pt,alimentação,2.93
https://v1.brahex.com.br,alimentação,2.93
https://news.un.org,alimentação,2.93
https://beefpoint.com.br,alimentação,2.94
https://jbs.com.br,alimentação,2.94
https://depositoizel.com,alimentação,2.95
https://higa.membros.supermercadozen.com.br,alimentação,2.95
https://www.repository.utl.pt,alimentação,2.95
https://www.doceembalagem.com.br,alimentação,2.95
https://run.unl.pt,alimentação,2.96
https://delivery.atacadotreichel.com.br,alimentação,2.96
https://www.lapastina.com,alimentação,2.96
https://www.aurora.com.br,alimentação,2.97
https://hinojosagroup.com,alimentação,2.97
https://www.mercantilatacado.com.br,alimentação,2.98
https://delivery.maxatacadista.com.br,alimentação,2.98
https://www.natus.com.br,alimentação,2.99
https://redecovabra.com.br,alimentação,3.03
https://anbierexpress.com.br,alimentação,3.04
https://www.ameripan.com.br,alimentação,3.04
https://www.infor.com,alimentação,3.04
https://produtosbrasileiros.co.uk,alimentação,3.05
https://www.organicosdobrasiloficial.com.br,alimentação,3.07
https://www.vigor.com.br,alimentação,3.09
https://belivebefree.com.br,alimentação,3.1
https://www.troppoartesanal.com.br,alimentação,3.11
https://www.santahelena.com,alimentação,3.11
https://www.dipratos.com.br,alimentação,3.12
https://www.nativealimentos.com.br,alimentação,3.12
https://www.varejaodasmaquinas.com,alimentação,3.13
https://www.ranpak.com,alimentação,3.14
https://www.teknisa.com,alimentação,3.15
https://www.almmati.com,alimentação,3.16
https://www.tetrapak.com,alimentação,3.16
https://organiconatural.com.br,alimentação,3.17
https://kfgdistribuidora.com.br,alimentação,3.18
https://friomilia.com.br,alimentação,3.18
https://consultoradealimentos.com.br,alimentação,3.18
https://pt-br.novelis.com,alimentação,3.19
https://www.themerchantboston.com,alimentação,3.21
https://www.terrafoodtech.com,alimentação,3.21
https://empresite.jornaldenegocios.pt,alimentação,3.21
https://www.passeidireto.com,alimentação,3.22
https://www.embraco.com,alimentação,3.22
https://www.kuhneheitz.com.br,alimentação,3.24
https://brasil.pochteca.net,alimentação,3.24
https://www.franquiaz.com.br,alimentação,3.25
https://ajatacado.com.br,alimentação,3.26
https://cnabrasil.org.br,alimentação,3.27
https://www.volcafoods.com.br,alimentação,3.28
https://www.redemaissupermercados.com.br,alimentação,3.29
https://nutriz.com.br,alimentação,3.3
https://www.casariganisemgluten.com.br,alimentação,3.31
https://jecongelados.negocio.site,alimentação,3.32
https://sensing.konicaminolta.us,alimentação,3.33
https://piraque.com.br,alimentação,3.33
https://semalo.com.br,alimentação,3.33
https://blog.ciss.com.br,alimentação,3.34
https://www.novafitos.com.br,alimentação,3.35
https://adegamarbeer.com,alimentação,3.35
https://dinheirorural.com.br,alimentação,3.35
https://www.pmg.com.br,alimentação,3.37
https://www.thinkusadairy.org,alimentação,3.37
https://www.useorganico.com.br,alimentação,3.38
https://laticiniossaocarlos.com.br,alimentação,3.39
https://www.estudiomalagueta.com.br,alimentação,3.4
https://www.meioemensagem.com.br,alimentação,3.4
https://dropsdocotidiano.com,alimentação,3.4
https://www.vitalin.com.br,alimentação,3.43
https://www.unicesumar.edu.br,alimentação,3.43
https://paiolatacado.com.br,alimentação,3.44
https://www.alimentude.com.br,alimentação,3.44
https://franquias.portaldofranchising.com.br,alimentação,3.45
https://porcinews.com,alimentação,3.46
https://www.mariahonos.com.br,alimentação,3.47
https://www.bebidastissot.com.br,alimentação,3.47
https://www.focoalternativo.com.br,alimentação,3.47
https://centraldofranqueado.com.br,alimentação,3.48
https://distribuidoracolina.com,alimentação,3.49
https://cantinho-da-alagoa.negocio.site,alimentação,3.51
https://marc-frutas-atacado-e-varejo.negocio.site,alimentação,3.54
https://www.cdluberaba.com.br,alimentação,3.56
https://www.ciaalimentar.com.br,alimentação,3.56
https://www.peroladailha.pt,alimentação,3.57
https://www.quemfornece.com,alimentação,3.61
https://terratanques.com.br,alimentação,3.61
https://putinga-alimentos-congelados-salgados.negocio.site,alimentação,3.64
https://pt.sterigenics.com,alimentação,3.64
https://www.davilledistribuidora.com.br,alimentação,3.65
https://friampalimentos.negocio.site,alimentação,3.65
https://www.conesulfoz.com.br,alimentação,3.66
https://premiumdistribuidoradebebidas.negocio.site,alimentação,3.69
https://www.nutergia.com,alimentação,3.72
https://www.marmondistribuidora.com.br,alimentação,3.72
https://www.assai.com.br,alimentação,3.73
https://www.amoratto.com.br,alimentação,3.83
https://www.ecobiosaude.com.br,alimentação,3.84
https://www.businessresearchinsights.com,alimentação,3.85
https://www.kitay.com.br,alimentação,3.85
https://www.mastersense.com,alimentação,3.88
https://www.folhavitoria.com.br,alimentação,3.89
https://www.dw.com,alimentação,3.9
https://www.vendus.com,alimentação,3.97
https://atacadojeronimo.com.br,alimentação,3.99
https://itq.estoqueatacadista.com.br,Atacadistas,1.29
https://atacadaoeletronicos.com.br,Atacadistas,1.29
https://bateforte.com.br,Atacadistas,1.29
https://www.destromacro.com.br,Atacadistas,1.38
https://www.realmat.com.br,Atacadistas,1.63
https://www.mypetbrasil.com,Atacadistas,1.63
https://www.oderco.com.br,Atacadistas,1.64
https://www.zilfarma.com,Atacadistas,1.66
https://medlimp.com.br,Atacadistas,1.68
https://www.atflaw.com.br,Atacadistas,1.76
https://busca.legal,Atacadistas,1.78
https://www.supralimp.com.br,Atacadistas,1.8
https://www.fashionget.com,Atacadistas,1.81
https://www.dinpar.com.br,Atacadistas,1.82
https://www.nazaria.com.br,Atacadistas,1.83
https://strawplast.com.br,Atacadistas,1.83
https://repositorio.ufu.br,Atacadistas,1.84
https://www.nutrifrios.com.br,Atacadistas,1.85
https://www.motorfort.com.br,Atacadistas,1.86
https://www.papelitech.com.br,Atacadistas,1.87
https://www.megaleste.com.br,Atacadistas,1.92
https://gpz.com.br,Atacadistas,1.95
https://automotivebusiness.com.br,Atacadistas,1.98
https://autopecas.pecicero.com.br,Atacadistas,2.0
https://granstoqueatacadista.com.br,Atacadistas,2.02
https://hayamax.com.br,Atacadistas,2.05
https://zapemil.com.br,Atacadistas,2.05
https://stcruz.com.br,Atacadistas,2.07
https://www.kalunga.com.br,Atacadistas,2.09
https://www.t2arquitetura.com.br,Atacadistas,2.11
https://olimpodist.com.br,Atacadistas,2.11
https://www.rolemar.com,Atacadistas,2.13
https://www.25demarcoonline.com.br,Atacadistas,2.14
https://bomsaldo.com.br,Atacadistas,2.15
https://www.ccldistribuidora.com.br,Atacadistas,2.17
https://www.atacadocatarinense.com.br,Atacadistas,2.17
https://www.kaisan.com.br,Atacadistas,2.27
https://www.feiradamadrugadasp.com.br,Atacadistas,2.28
https://agrofrut.com.br,Atacadistas,2.29
https://meufornecedor.com.br,Atacadistas,2.3
https://abad.com.br,Atacadistas,2.38
https://www.reval.net,Atacadistas,2.48
https://www.pampetdistribuidora.com.br,Atacadistas,2.48
https://www.distribuidorapetshop.com.br,Atacadistas,2.49
https://www.roupasparaatacado.com.br,Atacadistas,2.49
https://www.portinfo.com.br,Atacadistas,2.5
https://classobras.gerenciadeobras.com.br,Atacadistas,2.58
https://www.ibyteatacado.com.br,Atacadistas,2.61
https://distribuidoramhtech.com.br,Atacadistas,2.63
https://www.revendedor.com.br,Atacadistas,2.72
https://www.furacaopet.com.br,Atacadistas,2.77
https://medihosp.com.br,Atacadistas,2.77
https://www.mirao.com.br,Atacadistas,2.83
https://respostas.sebrae.com.br,Atacadistas,2.84
https://coltelli.com.br,Atacadistas,2.84
https://kimpets.com.br,Atacadistas,2.87
https://www.petsrio.com.br,Atacadistas,2.88
https://atacarejouniao.com.br,Atacadistas,2.88
https://www.rfi.fr,Atacadistas,2.91
https://www.distribuidoramegamix.com.br,Atacadistas,2.94
https://www.distribuidoraimportline.com.br,Atacadistas,2.95
https://www.cimemprimo.com.br,Atacadistas,2.96
https://www.arcafer.com.br,Atacadistas,2.97
https://ecolimpatacadista.com.br,Atacadistas,2.97
https://www.bunge.com.br,Atacadistas,2.99
https://atacado.com,Atacadistas,3.0
https://www.zamboni.com.br,Atacadistas,3.01
https://www.cecpet.com.br,Atacadistas,3.05
https://atacadooliviamodapet.com.br,Atacadistas,3.08
https://www.lojaapolo.com.br,Atacadistas,3.08
https://www.garciaentulhos.com.br,Atacadistas,3.09
https://lojasdk.com.br,Atacadistas,3.13
https://www.distribuidoraestrela.com.br,Atacadistas,3.13
https://www.mamo.com.br,Atacadistas,3.14
https://www.distribuidoraeficaz.com.br,Atacadistas,3.17
https://www.expertdistribuidora.com.br,Atacadistas,3.17
https://www.megadistribuidoramg.com.br,Atacadistas,3.19
https://www.maiseletronicos.com.br,Atacadistas,3.24
https://pitochina.com,Atacadistas,3.24
https://furnitureroots.com,Atacadistas,3.26
https://www.atacadaodaroupa.com,Atacadistas,3.27
https://www.lojabraicon.com.br,Atacadistas,3.28
https://www.erovos.com.br,Atacadistas,3.29
https://www.atomodistribuidora.com,Atacadistas,3.34
https://grupoexcelencia.srv.br,Atacadistas,3.43
https://www.renillu.com.br,Atacadistas,3.43
https://sbim.org.br,Atacadistas,3.61
https://www.solostocks.com.br,Atacadistas,3.61
https://www.fibrilar.com.br,Atacadistas,3.61
https://rc-comercio-de-medicamentos.negocio.site,Atacadistas,3.62
https://alimentoscoletti.shop,Atacadistas,3.68
https://www.tomaziuspet.com.br,Atacadistas,3.72
https://alimentosdomduarte.online,Atacadistas,3.75
https://www.vitalife.com.br,Atacadistas,3.81
https://b2brazil.com.br,Atacadistas,3.82
https://famahigieneelimpeza.com.br,Atacadistas,3.83
https://www.weieletronicos.com.br,Atacadistas,3.86
https://www.distribuidoradistrioeste.com.br,Atacadistas,3.98
https://www.dismed.com.br,Atacadistas,3.99
https://portuguese.makeupvanitycase.com,Cosmeticos,2.45
https://maisretorno.com,Cosmeticos,2.92
https://rlmake.com.br,Cosmeticos,3.55
https://www.sallesprofissional.com.br,Cosméticos,1.49
https://prohall.com.br,Cosméticos,1.49
https://oglobo.globo.com,Cosméticos,1.51
https://svb.org.br,Cosméticos,1.54
https://www.idmdistribuicoes.com.br,Cosméticos,1.54
https://www.roge.com.br,Cosméticos,1.54
https://www.annapegova.com.br,Cosméticos,1.58
https://valor.globo.com,Cosméticos,1.64
https://revistapegn.globo.com,Cosméticos,1.64
https://jornal.usp.br,Cosméticos,1.66
https://www.oliveiraecarvalho.com,Cosméticos,1.67
https://mutari.com.br,Cosméticos,1.69
https://www.phallebeauty.com.br,Cosméticos,1.7
https://forcobay.com,Cosméticos,1.7
https://itallianhairtech.com.br,Cosméticos,1.7
https://www.metropoles.com,Cosméticos,1.73
https://dpcnet.com.br,Cosméticos,1.77
https://lizdistribuidora.com.br,Cosméticos,1.79
https://primaterra.ind.br,Cosméticos,1.84
https://www.nivea.com.br,Cosméticos,1.84
https://abihpec.org.br,Cosméticos,1.84
https://connect.in-cosmetics.com,Cosméticos,1.85
https://www.ibet.com.br,Cosméticos,1.89
https://hipnosecosmeticos.com.br,Cosméticos,1.93
https://conseqconsultoria.com.br,Cosméticos,1.97
https://tibrasil.com.br,Cosméticos,1.97
https://www.distribuidorajcf.com.br,Cosméticos,1.98
https://sintaparis.com,Cosméticos,2.01
https://blog.kangaroo.com.br,Cosméticos,2.01
https://www.curcumacosmeticos.com.br,Cosméticos,2.02
https://www.atacadaodasmaquiagens.com.br,Cosméticos,2.02
https://pt.huanapack.com,Cosméticos,2.05
https://www.hapecomarket.com.br,Cosméticos,2.05
https://www.atacadao.com.br,Cosméticos,2.06
https://www.distribuidoraflama.com.br,Cosméticos,2.08
https://www.bemmulhermaquiagem.com.br,Cosméticos,2.09
https://pt-br.minea.com,Cosméticos,2.12
https://www.atacadodemaquiagem.com.br,Cosméticos,2.17
https://www.science4you.pt,Cosméticos,2.18
https://limpeza.medlimp.com.br,Cosméticos,2.2
https://beautybusinessjournal.com,Cosméticos,2.21
https://www.lojaadcos.com.br,Cosméticos,2.21
https://zaniahdermocosmeticos.com.br,Cosméticos,2.21
https://www.vidacosmeticos.com.br,Cosméticos,2.23
https://www.virtualmake.com.br,Cosméticos,2.25
https://fantasticafabricadeperfumes.com,Cosméticos,2.25
https://www.swissinfo.ch,Cosméticos,2.3
https://loja.catharinehill.com.br,Cosméticos,2.32
https://www.acelerapdv.com.br,Cosméticos,2.4
https://www.revendadecosmeticos.com.br,Cosméticos,2.4
https://observador.pt,Cosméticos,2.43
https://stealthelook.com.br,Cosméticos,2.48
https://sincofarmasp.com.br,Cosméticos,2.51
https://sohelices.com.br,Cosméticos,2.54
https://www.lojagrupoorganica.com.br,Cosméticos,2.55
https://dinka.com.br,Cosméticos,2.57
https://www.ebadistribuidora.com.br,Cosméticos,2.61
https://www.silverchemical.com.br,Cosméticos,2.62
https://www.dardus.com.br,Cosméticos,2.66
https://cbonds.com,Cosméticos,2.7
https://www.fecomerciodf.com.br,Cosméticos,2.75
https://www.bloomberg.com,Cosméticos,2.76
https://diarioverde.com.br,Cosméticos,2.76
https://www.atina.com.br,Cosméticos,2.77
https://www.rheologicaladditive.com,Cosméticos,2.79
https://cosmetoguia.com.br,Cosméticos,2.81
https://ecoaliza.com.br,Cosméticos,2.83
https://negociosdebeleza.beautyfair.com.br,Cosméticos,2.85
https://www.dermica.com.br,Cosméticos,2.88
https://www.creamy.com.br,Cosméticos,2.88
https://veganbusiness.com.br,Cosméticos,2.94
https://www.crodapersonalcare.com,Cosméticos,2.95
https://www.pharmabinoid.eu,Cosméticos,2.95
https://cosmetologiadobem.com.br,Cosméticos,2.97
https://ojs.brazilianjournals.com.br,Cosméticos,2.99
https://www.labotrat.com.br,Cosméticos,3.0
https://blog.inventa.shop,Cosméticos,3.02
https://atualform.com,Cosméticos,3.02
https://www.mundodocabeleireiro.com.br,Cosméticos,3.03
https://www.biozenthi.com,Cosméticos,3.04
https://vermonth.com.br,Cosméticos,3.06
https://tulipia.com.br,Cosméticos,3.08
https://reluzdistribuidora.com.br,Cosméticos,3.11
https://costomise.com,Cosméticos,3.13
https://popularatacado.com.br,Cosméticos,3.16
https://www.solidocosmeticos.com.br,Cosméticos,3.18
https://www.atacadosaopaulo.com.br,Cosméticos,3.27
https://www.eucerin.com.br,Cosméticos,3.27
https://www.glamprofessional.com.br,Cosméticos,3.31
https://www.vozdabeleza.com.br,Cosméticos,3.35
https://www.dalcotonemix.com.br,Cosméticos,3.38
https://www.rubyrosedistribuidora.com.br,Cosméticos,3.39
https://www.roetell.com,Cosméticos,3.41
https://www.eau-thermale-avene.com.br,Cosméticos,3.44
https://www.biocosmeticos.ind.br,Cosméticos,3.55
https://www.lenveur.com.br,Cosméticos,3.55
https://www.mamiix.com.br,Cosméticos,3.58
https://multimarca-cosmeticos.negocio.site,Cosméticos,3.59
https://www.legisweb.com.br,Cosméticos,3.59
https://www.cleberbarros.com.br,Cosméticos,3.6
https://cosmeticinnovation.com.br,Cosméticos,3.61
https://www.bandeiranteatacadista.com.br,Cosméticos,3.69
https://www.brazilbeautynews.com,Cosméticos,3.69
https://www.casadagaze.com.br,Cosméticos,3.72
https://pwdistribuidora.com.br,Cosméticos,3.76
https://www.argosjr.com,Cosméticos,3.77
https://leadster.com.br,Prestadores de Servicos,1.63
https://www.grupo8.pt,Prestadores de Servicos,1.84
https://www.agenciasmall.com.br,Prestadores de Servicos,1.86
https://abav.com.br,Prestadores de Servicos,2.12
https://www.prolucro.com.br,Prestadores de Servicos,2.29
https://www.grupoequipe.com.br,Prestadores de Servicos,2.99
https://www.cvc.com.br,Prestadores de Serviços,1.41
https://www.consultoriarr.com.br,Prestadores de Serviços,1.54
https://thinkfide.com,Prestadores de Serviços,1.6
https://www.acheiusa.com,Prestadores de Serviços,1.66
https://jelly.pt,Prestadores de Serviços,1.76
https://www.portoseguro.com.br,Prestadores de Serviços,1.78
https://gfacilities.com.br,Prestadores de Serviços,1.79
https://oprocesso.pt,Prestadores de Serviços,1.85
https://mktalent.pt,Prestadores de Serviços,1.85
https://redesignconsultoria.com.br,Prestadores de Serviços,1.87
https://sanchezadv.com.br,Prestadores de Serviços,1.89
https://profissoes.vagas.com.br,Prestadores de Serviços,1.91
https://www.d2l.com,Prestadores de Serviços,1.98
https://www.crowe.com,Prestadores de Serviços,1.99
https://legalsd.com.br,Prestadores de Serviços,2.01
https://www.strongcharon.pt,Prestadores de Serviços,2.1
https://www.eversheds-sutherland.com,Prestadores de Serviços,2.12
https://brasil.emeritus.org,Prestadores de Serviços,2.14
https://www.generall.com.br,Prestadores de Serviços,2.16
https://blog.duda.co,Prestadores de Serviços,2.18
https://www.ohub.com.br,Prestadores de Serviços,2.2
https://focsi.com.br,Prestadores de Serviços,2.2
https://nodariconsultoria.com.br,Prestadores de Serviços,2.21
https://www.jonesday.com,Prestadores de Serviços,2.22
https://limpeza.g8servicos.com.br,Prestadores de Serviços,2.23
https://dadosabertos.turismodeportugal.pt,Prestadores de Serviços,2.24
https://ramper.com.br,Prestadores de Serviços,2.28
https://cfc.org.br,Prestadores de Serviços,2.29
https://tributojusto.com.br,Prestadores de Serviços,2.3
https://www.abbyy.com,Prestadores de Serviços,2.45
https://www.sesvesp.com.br,Prestadores de Serviços,2.49
https://www.redhat.com,Prestadores de Serviços,2.52
https://mereo.com,Prestadores de Serviços,2.52
https://www.atlassian.com,Prestadores de Serviços,2.53
https://www.concorrencia.pt,Prestadores de Serviços,2.55
https://european-union.europa.eu,Prestadores de Serviços,2.56
https://www.computerweekly.com,Prestadores de Serviços,2.58
https://www.gruposouzalima.com,Prestadores de Serviços,2.59
https://www.hagana.com.br,Prestadores de Serviços,2.6
https://www.abreu.pt,Prestadores de Serviços,2.67
https://www.decolar.com,Prestadores de Serviços,2.71
https://www.topatlantico.pt,Prestadores de Serviços,2.72
https://www.verorh.com.br,Prestadores de Serviços,2.73
https://berconsultoria.com.br,Prestadores de Serviços,2.79
https://www.apeca.pt,Prestadores de Serviços,2.79
https://www.senior.com.br,Prestadores de Serviços,2.81
https://www.agenciapulso.com.br,Prestadores de Serviços,2.82
https://www.conaupro.com.br,Prestadores de Serviços,2.84
https://ansataservicos.com.br,Prestadores de Serviços,2.87
https://www.apavtnet.pt,Prestadores de Serviços,2.88
https://repositorio.animaeducacao.com.br,Prestadores de Serviços,2.88
https://www.imcsaste.com.br,Prestadores de Serviços,2.89
https://www.servsan.com.br,Prestadores de Serviços,2.89
https://www.consultingnow.com.br,Prestadores de Serviços,2.91
https://www.m66consultoria.com,Prestadores de Serviços,2.93
https://www.bdo.co.mz,Prestadores de Serviços,2.93
https://setting.com.br,Prestadores de Serviços,2.94
https://rnt.turismodeportugal.pt,Prestadores de Serviços,2.94
https://elloselecao.com.br,Prestadores de Serviços,2.94
https://repositorio.ufpe.br,Prestadores de Serviços,2.94
https://diariodarepublica.pt,Prestadores de Serviços,2.96
https://www.hostinger.com.br,Prestadores de Serviços,3.01
https://www.intern-brazil.com.br,Prestadores de Serviços,3.02
https://www.eps.eng.br,Prestadores de Serviços,3.04
https://rracontabil.com.br,Prestadores de Serviços,3.07
https://litucera.com.br,Prestadores de Serviços,3.12
https://www.rhcenter.com.br,Prestadores de Serviços,3.15
https://electiservicos.com.br,Prestadores de Serviços,3.16
https://www.prosegur.pt,Prestadores de Serviços,3.17
https://www.migalhas.com.br,Prestadores de Serviços,3.23
https://healthpartnersipve.org,Prestadores de Serviços,3.26
https://www.decmer.com.br,Prestadores de Serviços,3.27
https://luz.vc,Prestadores de Serviços,3.27
https://www.brasia.hk,Prestadores de Serviços,3.29
https://www.gupy.io,Prestadores de Serviços,3.29
https://www.softtek.com,Prestadores de Serviços,3.34
https://evercontabil.com.br,Prestadores de Serviços,3.41
https://123milhas.com,Prestadores de Serviços,3.43
https://www.librasnow.com.br,Prestadores de Serviços,3.44
https://blog.cronapp.io,Prestadores de Serviços,3.44
https://www.t4consultoria.com.br,Prestadores de Serviços,3.53
https://blog.convenia.com.br,Prestadores de Serviços,3.6
https://www.feedz.com.br,Prestadores de Serviços,3.62
https://periodicos.ufn.edu.br,Prestadores de Serviços,3.73
https://www.gerencialconsultoria.com.br,Prestadores de Serviços,3.75
https://estacaoindoor.com,Prestadores de Serviços,3.96
https://antlia.com.br,Prestadores de Serviços,3.96
https://agenciahousein.com,Prestadores de Serviços,3.98
https://www.listadefranquia.com,Redes Varejistas,1.29
https://www.bibi.com,Redes Varejistas,1.4
https://www.malwee.com.br,Redes Varejistas,1.41
https://www.suafranquia.com,Redes Varejistas,1.47
https://www.ecommercebrasil.com.br,Redes Varejistas,1.49
https://blogs.oracle.com,Redes Varejistas,1.51
https://idec.org.br,Redes Varejistas,1.53
https://www.farmaciasnissei.com.br,Redes Varejistas,1.56
https://www.multicoisas.com.br,Redes Varejistas,1.59
https://redefarmes.com.br,Redes Varejistas,1.67
https://www.cvasolutions.com,Redes Varejistas,1.69
https://www.miamiandbeaches.world,Redes Varejistas,1.69
https://www.cobasi.com.br,Redes Varejistas,1.71
https://www.capodarte.com.br,Redes Varejistas,1.75
https://www.visitflorida.com,Redes Varejistas,1.75
https://mariandthecity.com,Redes Varejistas,1.76
https://diariodonordeste.verdesmares.com.br,Redes Varejistas,1.77
https://www.iberdrola.com,Redes Varejistas,1.78
https://www.nit.pt,Redes Varejistas,1.82
https://encontresuafranquia.com.br,Redes Varejistas,1.83
https://mercadoeconsumo.com.br,Redes Varejistas,1.84
https://www.estadao.com.br,Redes Varejistas,1.88
https://www.millenamoveiseeletro.com.br,Redes Varejistas,1.89
https://www.casaspedro.com.br,Redes Varejistas,1.9
https://www.drogariatotal.com.br,Redes Varejistas,1.9
https://fusoesaquisicoes.com,Redes Varejistas,1.92
https://www.wayupbrasil.com,Redes Varejistas,1.92
https://www.sftravel.com,Redes Varejistas,1.95
https://blog.toroinvestimentos.com.br,Redes Varejistas,1.96
https://sincovaga.com.br,Redes Varejistas,1.98
https://www.agafarma.com.br,Redes Varejistas,1.99
https://24.sapo.pt,Redes Varejistas,2.01
https://odiariodemogi.net.br,Redes Varejistas,2.03
https://www.glassdoor.com.br,Redes Varejistas,2.05
https://www1.folha.uol.com.br,Redes Varejistas,2.06
https://www.mallatmillenia.com,Redes Varejistas,2.1
https://blog.goakira.com.br,Redes Varejistas,2.11
https://www.centricsoftware.com,Redes Varejistas,2.12
https://www.farmarcas.com.br,Redes Varejistas,2.14
https://doodle.com,Redes Varejistas,2.16
https://www.casafreitas.com.br,Redes Varejistas,2.17
https://guiafranquiasdesucesso.com,Redes Varejistas,2.18
https://www.fisia.com.br,Redes Varejistas,2.19
https://www.ctde.com.br,Redes Varejistas,2.25
https://www.abradilan.com.br,Redes Varejistas,2.27
https://www.jornaldenegocios.pt,Redes Varejistas,2.27
https://pt.dreamstime.com,Redes Varejistas,2.28
https://bonasecco.com.br,Redes Varejistas,2.28
https://uniespg.com.br,Redes Varejistas,2.3
https://www.drogariaglobo.com.br,Redes Varejistas,2.32
https://samaisvarejo.com.br,Redes Varejistas,2.35
https://abrasce.com.br,Redes Varejistas,2.36
https://www.centroxogo.blog,Redes Varejistas,2.4
https://economia.uol.com.br,Redes Varejistas,2.42
https://www.loja.sirenesbeatek.com.br,Redes Varejistas,2.44
https://www.thepalmbeaches.com,Redes Varejistas,2.44
https://lojasexpert.pt,Redes Varejistas,2.49
https://www.pinterest.es,Redes Varejistas,2.49
https://www.mypharma.com.br,Redes Varejistas,2.52
https://www.austintexas.org,Redes Varejistas,2.53
https://www.constance.com.br,Redes Varejistas,2.54
https://www.fitchratings.com,Redes Varejistas,2.55
https://neofeed.com.br,Redes Varejistas,2.57
https://www.raphaellabooz.com.br,Redes Varejistas,2.6
https://www.docg.com.br,Redes Varejistas,2.62
https://finmodelslab.com,Redes Varejistas,2.65
https://franquia.sergios.com.br,Redes Varejistas,2.69
https://programafeedback.com,Redes Varejistas,2.78
https://crescieperdi.com,Redes Varejistas,2.79
https://www.docusign.com,Redes Varejistas,2.82
https://newinoeiras.nit.pt,Redes Varejistas,2.84
https://www.hojemais.com.br,Redes Varejistas,2.84
https://www.ri.unir.br,Redes Varejistas,2.92
https://www.milkpoint.com.br,Redes Varejistas,2.94
https://www.silvanatoazza.com.br,Redes Varejistas,2.94
https://www.copeland.com,Redes Varejistas,2.97
https://www.spacioshopping.pt,Redes Varejistas,2.97
https://ri.havan.com.br,Redes Varejistas,2.98
https://pt.disfold.com,Redes Varejistas,2.99
https://www.usereserva.com,Redes Varejistas,3.06
https://administradores.com.br,Redes Varejistas,3.07
https://china2brazil.com.br,Redes Varejistas,3.1
https://www.lojadogscare.com.br,Redes Varejistas,3.11
https://www.sertao.com.br,Redes Varejistas,3.23
https://franopen.com.br,Redes Varejistas,3.29
https://www.mycashback.com.br,Redes Varejistas,3.32
https://franquias.converlab.com.br,Redes Varejistas,3.33
https://www.adyen.com,Redes Varejistas,3.38
https://www.usaflex.com.br,Redes Varejistas,3.41
https://www.gruporangel.com,Redes Varejistas,3.43
https://multibomvarejo.com,Redes Varejistas,3.43
https://www.diariodesuzano.com.br,Redes Varejistas,3.46
https://www.lojakings.com.br,Redes Varejistas,3.47
https://www.distribuidoracotia.com,Redes Varejistas,3.5
https://pt.wiktionary.org,Redes Varejistas,3.58
https://www.mannesoftmaislojas.com.br,Redes Varejistas,3.58
https://indoleads.com,Redes Varejistas,3.59
https://sendpulse.com,Redes Varejistas,3.59
https://blogfranquia.usaflex.com.br,Redes Varejistas,3.59
https://www.londresparaprincipiantes.com,Redes Varejistas,3.6
https://www.cometoparis.com,Redes Varejistas,3.61
https://www.abrafarma.com.br,Redes Varejistas,3.66
https://www.moneytimes.com.br,Redes Varejistas,3.67
https://olist.com,Redes Varejistas,3.7
https://oi.ie,Redes Varejistas,3.78
https://redevarejoecia.com,Redes Varejistas,3.84
https://forbes.com.br,Redes Varejistas,3.85
https://www.eworldtrade.com,Redes Varejistas,3.88
https://vibetrace.com,Redes Varejistas,3.89
https://www.leafio.ai,Redes Varejistas,3.9
https://www.febrafar.com.br,Redes Varejistas,3.93
